-- phpMyAdmin SQL Dump
-- version 5.1.1
-- https://www.phpmyadmin.net/
--
-- Servidor: 127.0.0.1
-- Tiempo de generación: 12-04-2024 a las 06:49:25
-- Versión del servidor: 10.4.22-MariaDB
-- Versión de PHP: 7.3.33

SET SQL_MODE = "NO_AUTO_VALUE_ON_ZERO";
START TRANSACTION;
SET time_zone = "+00:00";


/*!40101 SET @OLD_CHARACTER_SET_CLIENT=@@CHARACTER_SET_CLIENT */;
/*!40101 SET @OLD_CHARACTER_SET_RESULTS=@@CHARACTER_SET_RESULTS */;
/*!40101 SET @OLD_COLLATION_CONNECTION=@@COLLATION_CONNECTION */;
/*!40101 SET NAMES utf8mb4 */;

--
-- Base de datos: `core_bancario`
--

-- --------------------------------------------------------

--
-- Estructura de tabla para la tabla `detalle_pago`
--

CREATE TABLE `detalle_pago` (
  `id` int(11) NOT NULL,
  `id_credito` int(11) DEFAULT NULL,
  `numero_pago` int(11) DEFAULT NULL,
  `fecha_pago` date DEFAULT NULL,
  `monto` decimal(10,2) DEFAULT NULL,
  `estado_pago` varchar(20) DEFAULT 'Pendiente',
  `fecha_creacion` timestamp NOT NULL DEFAULT current_timestamp(),
  `usuario_creacion` varchar(50) DEFAULT NULL
) ENGINE=InnoDB DEFAULT CHARSET=utf8mb4;

--
-- Volcado de datos para la tabla `detalle_pago`
--

INSERT INTO `detalle_pago` (`id`, `id_credito`, `numero_pago`, `fecha_pago`, `monto`, `estado_pago`, `fecha_creacion`, `usuario_creacion`) VALUES
(937, 17, 1, '2024-05-11', '90.00', 'Pendiente', '2024-04-12 03:37:15', 'Brayan Medina'),
(938, 17, 2, '2024-06-11', '90.00', 'Pendiente', '2024-04-12 03:37:16', 'Brayan Medina'),
(939, 17, 3, '2024-07-11', '90.00', 'Pendiente', '2024-04-12 03:37:16', 'Brayan Medina'),
(940, 17, 4, '2024-08-11', '90.00', 'Pendiente', '2024-04-12 03:37:16', 'Brayan Medina'),
(941, 17, 5, '2024-09-11', '90.00', 'Pendiente', '2024-04-12 03:37:16', 'Brayan Medina'),
(942, 17, 6, '2024-10-11', '90.00', 'Pendiente', '2024-04-12 03:37:16', 'Brayan Medina'),
(943, 17, 7, '2024-11-11', '90.00', 'Pendiente', '2024-04-12 03:37:16', 'Brayan Medina'),
(944, 17, 8, '2024-12-11', '90.00', 'Pendiente', '2024-04-12 03:37:16', 'Brayan Medina'),
(945, 17, 9, '2025-01-11', '90.00', 'Pendiente', '2024-04-12 03:37:16', 'Brayan Medina'),
(946, 17, 10, '2025-02-11', '90.00', 'Pendiente', '2024-04-12 03:37:16', 'Brayan Medina'),
(947, 17, 11, '2025-03-11', '90.00', 'Pendiente', '2024-04-12 03:37:16', 'Brayan Medina'),
(948, 17, 12, '2025-04-11', '90.00', 'Pendiente', '2024-04-12 03:37:16', 'Brayan Medina'),
(949, 17, 1, '2024-05-11', '90.00', 'Pendiente', '2024-04-12 03:37:16', 'Brayan Medina'),
(950, 17, 2, '2024-06-11', '90.00', 'Pendiente', '2024-04-12 03:37:16', 'Brayan Medina'),
(951, 17, 3, '2024-07-11', '90.00', 'Pendiente', '2024-04-12 03:37:16', 'Brayan Medina'),
(952, 17, 4, '2024-08-11', '90.00', 'Pendiente', '2024-04-12 03:37:16', 'Brayan Medina'),
(953, 17, 5, '2024-09-11', '90.00', 'Pendiente', '2024-04-12 03:37:16', 'Brayan Medina'),
(954, 17, 6, '2024-10-11', '90.00', 'Pendiente', '2024-04-12 03:37:16', 'Brayan Medina'),
(955, 17, 7, '2024-11-11', '90.00', 'Pendiente', '2024-04-12 03:37:16', 'Brayan Medina'),
(956, 17, 8, '2024-12-11', '90.00', 'Pendiente', '2024-04-12 03:37:16', 'Brayan Medina'),
(957, 17, 9, '2025-01-11', '90.00', 'Pendiente', '2024-04-12 03:37:16', 'Brayan Medina'),
(958, 17, 10, '2025-02-11', '90.00', 'Pendiente', '2024-04-12 03:37:16', 'Brayan Medina'),
(959, 17, 11, '2025-03-11', '90.00', 'Pendiente', '2024-04-12 03:37:16', 'Brayan Medina'),
(960, 17, 12, '2025-04-11', '90.00', 'Pendiente', '2024-04-12 03:37:16', 'Brayan Medina'),
(961, 17, 13, '2025-05-11', '90.00', 'Pendiente', '2024-04-12 03:37:16', 'Brayan Medina'),
(962, 17, 14, '2025-06-11', '90.00', 'Pendiente', '2024-04-12 03:37:16', 'Brayan Medina'),
(963, 17, 15, '2025-07-11', '90.00', 'Pendiente', '2024-04-12 03:37:16', 'Brayan Medina'),
(964, 17, 16, '2025-08-11', '90.00', 'Pendiente', '2024-04-12 03:37:16', 'Brayan Medina'),
(965, 17, 17, '2025-09-11', '90.00', 'Pendiente', '2024-04-12 03:37:16', 'Brayan Medina'),
(966, 17, 18, '2025-10-11', '90.00', 'Pendiente', '2024-04-12 03:37:16', 'Brayan Medina'),
(967, 17, 19, '2025-11-11', '90.00', 'Pendiente', '2024-04-12 03:37:16', 'Brayan Medina'),
(968, 17, 20, '2025-12-11', '90.00', 'Pendiente', '2024-04-12 03:37:16', 'Brayan Medina'),
(969, 17, 21, '2026-01-11', '90.00', 'Pendiente', '2024-04-12 03:37:16', 'Brayan Medina'),
(970, 17, 22, '2026-02-11', '90.00', 'Pendiente', '2024-04-12 03:37:16', 'Brayan Medina'),
(971, 17, 23, '2026-03-11', '90.00', 'Pendiente', '2024-04-12 03:37:16', 'Brayan Medina'),
(972, 17, 24, '2026-04-11', '90.00', 'Pendiente', '2024-04-12 03:37:16', 'Brayan Medina'),
(973, 17, 1, '2024-05-11', '90.00', 'Pendiente', '2024-04-12 03:37:16', 'Brayan Medina'),
(974, 17, 2, '2024-06-11', '90.00', 'Pendiente', '2024-04-12 03:37:16', 'Brayan Medina'),
(975, 17, 3, '2024-07-11', '90.00', 'Pendiente', '2024-04-12 03:37:16', 'Brayan Medina'),
(976, 17, 4, '2024-08-11', '90.00', 'Pendiente', '2024-04-12 03:37:16', 'Brayan Medina'),
(977, 17, 5, '2024-09-11', '90.00', 'Pendiente', '2024-04-12 03:37:16', 'Brayan Medina'),
(978, 17, 6, '2024-10-11', '90.00', 'Pendiente', '2024-04-12 03:37:16', 'Brayan Medina'),
(979, 17, 7, '2024-11-11', '90.00', 'Pendiente', '2024-04-12 03:37:16', 'Brayan Medina'),
(980, 17, 8, '2024-12-11', '90.00', 'Pendiente', '2024-04-12 03:37:16', 'Brayan Medina'),
(981, 17, 9, '2025-01-11', '90.00', 'Pendiente', '2024-04-12 03:37:16', 'Brayan Medina'),
(982, 17, 10, '2025-02-11', '90.00', 'Pendiente', '2024-04-12 03:37:16', 'Brayan Medina'),
(983, 17, 11, '2025-03-11', '90.00', 'Pendiente', '2024-04-12 03:37:16', 'Brayan Medina'),
(984, 17, 12, '2025-04-11', '90.00', 'Pendiente', '2024-04-12 03:37:16', 'Brayan Medina'),
(985, 17, 1, '2024-05-11', '90.00', 'Pendiente', '2024-04-12 03:37:16', 'Brayan Medina'),
(986, 17, 2, '2024-06-11', '90.00', 'Pendiente', '2024-04-12 03:37:16', 'Brayan Medina'),
(987, 17, 3, '2024-07-11', '90.00', 'Pendiente', '2024-04-12 03:37:16', 'Brayan Medina'),
(988, 17, 4, '2024-08-11', '90.00', 'Pendiente', '2024-04-12 03:37:16', 'Brayan Medina'),
(989, 17, 5, '2024-09-11', '90.00', 'Pendiente', '2024-04-12 03:37:16', 'Brayan Medina'),
(990, 17, 6, '2024-10-11', '90.00', 'Pendiente', '2024-04-12 03:37:16', 'Brayan Medina'),
(991, 17, 7, '2024-11-11', '90.00', 'Pendiente', '2024-04-12 03:37:16', 'Brayan Medina'),
(992, 17, 8, '2024-12-11', '90.00', 'Pendiente', '2024-04-12 03:37:16', 'Brayan Medina'),
(993, 17, 9, '2025-01-11', '90.00', 'Pendiente', '2024-04-12 03:37:16', 'Brayan Medina'),
(994, 17, 10, '2025-02-11', '90.00', 'Pendiente', '2024-04-12 03:37:16', 'Brayan Medina'),
(995, 17, 11, '2025-03-11', '90.00', 'Pendiente', '2024-04-12 03:37:16', 'Brayan Medina'),
(996, 17, 12, '2025-04-11', '90.00', 'Pendiente', '2024-04-12 03:37:16', 'Brayan Medina'),
(997, 17, 13, '2025-05-11', '90.00', 'Pendiente', '2024-04-12 03:37:16', 'Brayan Medina'),
(998, 17, 14, '2025-06-11', '90.00', 'Pendiente', '2024-04-12 03:37:16', 'Brayan Medina'),
(999, 17, 15, '2025-07-11', '90.00', 'Pendiente', '2024-04-12 03:37:16', 'Brayan Medina'),
(1000, 17, 16, '2025-08-11', '90.00', 'Pendiente', '2024-04-12 03:37:16', 'Brayan Medina'),
(1001, 17, 17, '2025-09-11', '90.00', 'Pendiente', '2024-04-12 03:37:16', 'Brayan Medina'),
(1002, 17, 18, '2025-10-11', '90.00', 'Pendiente', '2024-04-12 03:37:16', 'Brayan Medina'),
(1003, 17, 19, '2025-11-11', '90.00', 'Pendiente', '2024-04-12 03:37:16', 'Brayan Medina'),
(1004, 17, 20, '2025-12-11', '90.00', 'Pendiente', '2024-04-12 03:37:16', 'Brayan Medina'),
(1005, 17, 21, '2026-01-11', '90.00', 'Pendiente', '2024-04-12 03:37:16', 'Brayan Medina'),
(1006, 17, 22, '2026-02-11', '90.00', 'Pendiente', '2024-04-12 03:37:16', 'Brayan Medina'),
(1007, 17, 23, '2026-03-11', '90.00', 'Pendiente', '2024-04-12 03:37:16', 'Brayan Medina'),
(1008, 17, 24, '2026-04-11', '90.00', 'Pendiente', '2024-04-12 03:37:16', 'Brayan Medina'),
(1046, 17, 2, '2024-06-11', '90.00', 'Pendiente', '2024-04-12 03:37:16', 'Brayan Medina'),
(1047, 17, 3, '2024-07-11', '90.00', 'Pendiente', '2024-04-12 03:37:16', 'Brayan Medina'),
(1048, 17, 4, '2024-08-11', '90.00', 'Pendiente', '2024-04-12 03:37:16', 'Brayan Medina'),
(1049, 17, 5, '2024-09-11', '90.00', 'Pendiente', '2024-04-12 03:37:16', 'Brayan Medina'),
(1050, 17, 6, '2024-10-11', '90.00', 'Pendiente', '2024-04-12 03:37:16', 'Brayan Medina'),
(1051, 17, 7, '2024-11-11', '90.00', 'Pendiente', '2024-04-12 03:37:16', 'Brayan Medina'),
(1052, 17, 8, '2024-12-11', '90.00', 'Pendiente', '2024-04-12 03:37:16', 'Brayan Medina'),
(1053, 17, 9, '2025-01-11', '90.00', 'Pendiente', '2024-04-12 03:37:16', 'Brayan Medina'),
(1054, 17, 10, '2025-02-11', '90.00', 'Pendiente', '2024-04-12 03:37:16', 'Brayan Medina'),
(1055, 17, 11, '2025-03-11', '90.00', 'Pendiente', '2024-04-12 03:37:16', 'Brayan Medina'),
(1056, 17, 12, '2025-04-11', '90.00', 'Pendiente', '2024-04-12 03:37:16', 'Brayan Medina'),
(1057, 17, 1, '2024-05-11', '90.00', 'Pendiente', '2024-04-12 03:37:16', 'Brayan Medina'),
(1058, 17, 2, '2024-06-11', '90.00', 'Pendiente', '2024-04-12 03:37:16', 'Brayan Medina'),
(1059, 17, 3, '2024-07-11', '90.00', 'Pendiente', '2024-04-12 03:37:16', 'Brayan Medina'),
(1060, 17, 4, '2024-08-11', '90.00', 'Pendiente', '2024-04-12 03:37:16', 'Brayan Medina'),
(1061, 17, 5, '2024-09-11', '90.00', 'Pendiente', '2024-04-12 03:37:16', 'Brayan Medina'),
(1062, 17, 6, '2024-10-11', '90.00', 'Pendiente', '2024-04-12 03:37:16', 'Brayan Medina'),
(1080, 17, 24, '2026-04-11', '90.00', 'Pendiente', '2024-04-12 03:37:16', 'Brayan Medina'),
(1081, 18, 1, '2024-05-11', '90.00', 'Pendiente', '2024-04-12 03:37:34', 'Brayan Medina'),
(1082, 18, 2, '2024-06-11', '90.00', 'Pendiente', '2024-04-12 03:37:34', 'Brayan Medina'),
(1083, 18, 3, '2024-07-11', '90.00', 'Pendiente', '2024-04-12 03:37:34', 'Brayan Medina'),
(1084, 18, 4, '2024-08-11', '90.00', 'Pendiente', '2024-04-12 03:37:34', 'Brayan Medina'),
(1085, 18, 5, '2024-09-11', '90.00', 'Pendiente', '2024-04-12 03:37:34', 'Brayan Medina'),
(1086, 18, 6, '2024-10-11', '90.00', 'Pendiente', '2024-04-12 03:37:34', 'Brayan Medina'),
(1087, 18, 7, '2024-11-11', '90.00', 'Pendiente', '2024-04-12 03:37:34', 'Brayan Medina'),
(1088, 18, 8, '2024-12-11', '90.00', 'Pendiente', '2024-04-12 03:37:34', 'Brayan Medina'),
(1089, 18, 9, '2025-01-11', '90.00', 'Pendiente', '2024-04-12 03:37:34', 'Brayan Medina'),
(1090, 18, 10, '2025-02-11', '90.00', 'Pendiente', '2024-04-12 03:37:34', 'Brayan Medina'),
(1091, 18, 11, '2025-03-11', '90.00', 'Pendiente', '2024-04-12 03:37:34', 'Brayan Medina'),
(1092, 18, 12, '2025-04-11', '90.00', 'Pendiente', '2024-04-12 03:37:34', 'Brayan Medina'),
(1093, 18, 1, '2024-05-11', '90.00', 'Pendiente', '2024-04-12 03:37:34', 'Brayan Medina'),
(1094, 18, 2, '2024-06-11', '90.00', 'Pendiente', '2024-04-12 03:37:34', 'Brayan Medina'),
(1095, 18, 3, '2024-07-11', '90.00', 'Pendiente', '2024-04-12 03:37:34', 'Brayan Medina'),
(1096, 18, 4, '2024-08-11', '90.00', 'Pendiente', '2024-04-12 03:37:34', 'Brayan Medina'),
(1097, 18, 5, '2024-09-11', '90.00', 'Pendiente', '2024-04-12 03:37:34', 'Brayan Medina'),
(1098, 18, 6, '2024-10-11', '90.00', 'Pendiente', '2024-04-12 03:37:34', 'Brayan Medina'),
(1099, 18, 7, '2024-11-11', '90.00', 'Pendiente', '2024-04-12 03:37:34', 'Brayan Medina'),
(1100, 18, 8, '2024-12-11', '90.00', 'Pendiente', '2024-04-12 03:37:34', 'Brayan Medina'),
(1101, 18, 9, '2025-01-11', '90.00', 'Pendiente', '2024-04-12 03:37:34', 'Brayan Medina'),
(1102, 18, 10, '2025-02-11', '90.00', 'Pendiente', '2024-04-12 03:37:34', 'Brayan Medina'),
(1103, 18, 11, '2025-03-11', '90.00', 'Pendiente', '2024-04-12 03:37:34', 'Brayan Medina'),
(1104, 18, 12, '2025-04-11', '90.00', 'Pendiente', '2024-04-12 03:37:34', 'Brayan Medina'),
(1105, 18, 13, '2025-05-11', '90.00', 'Pendiente', '2024-04-12 03:37:34', 'Brayan Medina'),
(1106, 18, 14, '2025-06-11', '90.00', 'Pendiente', '2024-04-12 03:37:34', 'Brayan Medina'),
(1107, 18, 15, '2025-07-11', '90.00', 'Pendiente', '2024-04-12 03:37:34', 'Brayan Medina'),
(1108, 18, 16, '2025-08-11', '90.00', 'Pendiente', '2024-04-12 03:37:34', 'Brayan Medina'),
(1109, 18, 17, '2025-09-11', '90.00', 'Pendiente', '2024-04-12 03:37:34', 'Brayan Medina'),
(1110, 18, 18, '2025-10-11', '90.00', 'Pendiente', '2024-04-12 03:37:34', 'Brayan Medina'),
(1111, 18, 19, '2025-11-11', '90.00', 'Pendiente', '2024-04-12 03:37:34', 'Brayan Medina'),
(1112, 18, 20, '2025-12-11', '90.00', 'Pendiente', '2024-04-12 03:37:34', 'Brayan Medina'),
(1113, 18, 21, '2026-01-11', '90.00', 'Pendiente', '2024-04-12 03:37:34', 'Brayan Medina'),
(1114, 18, 22, '2026-02-11', '90.00', 'Pendiente', '2024-04-12 03:37:34', 'Brayan Medina'),
(1115, 18, 23, '2026-03-11', '90.00', 'Pendiente', '2024-04-12 03:37:34', 'Brayan Medina'),
(1116, 18, 24, '2026-04-11', '90.00', 'Pendiente', '2024-04-12 03:37:34', 'Brayan Medina'),
(1117, 18, 1, '2024-05-11', '90.00', 'Pendiente', '2024-04-12 03:37:34', 'Brayan Medina'),
(1118, 18, 2, '2024-06-11', '90.00', 'Pendiente', '2024-04-12 03:37:34', 'Brayan Medina'),
(1119, 18, 3, '2024-07-11', '90.00', 'Pendiente', '2024-04-12 03:37:34', 'Brayan Medina'),
(1120, 18, 4, '2024-08-11', '90.00', 'Pendiente', '2024-04-12 03:37:34', 'Brayan Medina'),
(1121, 18, 5, '2024-09-11', '90.00', 'Pendiente', '2024-04-12 03:37:34', 'Brayan Medina'),
(1122, 18, 6, '2024-10-11', '90.00', 'Pendiente', '2024-04-12 03:37:34', 'Brayan Medina'),
(1123, 18, 7, '2024-11-11', '90.00', 'Pendiente', '2024-04-12 03:37:34', 'Brayan Medina'),
(1124, 18, 8, '2024-12-11', '90.00', 'Pendiente', '2024-04-12 03:37:34', 'Brayan Medina'),
(1125, 18, 9, '2025-01-11', '90.00', 'Pendiente', '2024-04-12 03:37:34', 'Brayan Medina'),
(1126, 18, 10, '2025-02-11', '90.00', 'Pendiente', '2024-04-12 03:37:34', 'Brayan Medina'),
(1127, 18, 11, '2025-03-11', '90.00', 'Pendiente', '2024-04-12 03:37:34', 'Brayan Medina'),
(1128, 18, 12, '2025-04-11', '90.00', 'Pendiente', '2024-04-12 03:37:34', 'Brayan Medina'),
(1129, 18, 1, '2024-05-11', '90.00', 'Pendiente', '2024-04-12 03:37:34', 'Brayan Medina'),
(1130, 18, 2, '2024-06-11', '90.00', 'Pendiente', '2024-04-12 03:37:34', 'Brayan Medina'),
(1131, 18, 3, '2024-07-11', '90.00', 'Pendiente', '2024-04-12 03:37:34', 'Brayan Medina'),
(1132, 18, 4, '2024-08-11', '90.00', 'Pendiente', '2024-04-12 03:37:34', 'Brayan Medina'),
(1133, 18, 5, '2024-09-11', '90.00', 'Pendiente', '2024-04-12 03:37:34', 'Brayan Medina'),
(1134, 18, 6, '2024-10-11', '90.00', 'Pendiente', '2024-04-12 03:37:34', 'Brayan Medina'),
(1135, 18, 7, '2024-11-11', '90.00', 'Pendiente', '2024-04-12 03:37:34', 'Brayan Medina'),
(1136, 18, 8, '2024-12-11', '90.00', 'Pendiente', '2024-04-12 03:37:34', 'Brayan Medina'),
(1137, 18, 9, '2025-01-11', '90.00', 'Pendiente', '2024-04-12 03:37:34', 'Brayan Medina'),
(1138, 18, 10, '2025-02-11', '90.00', 'Pendiente', '2024-04-12 03:37:34', 'Brayan Medina'),
(1139, 18, 11, '2025-03-11', '90.00', 'Pendiente', '2024-04-12 03:37:34', 'Brayan Medina'),
(1140, 18, 12, '2025-04-11', '90.00', 'Pendiente', '2024-04-12 03:37:34', 'Brayan Medina'),
(1141, 18, 13, '2025-05-11', '90.00', 'Pendiente', '2024-04-12 03:37:34', 'Brayan Medina'),
(1142, 18, 14, '2025-06-11', '90.00', 'Pendiente', '2024-04-12 03:37:34', 'Brayan Medina'),
(1143, 18, 15, '2025-07-11', '90.00', 'Pendiente', '2024-04-12 03:37:34', 'Brayan Medina'),
(1144, 18, 16, '2025-08-11', '90.00', 'Pendiente', '2024-04-12 03:37:34', 'Brayan Medina'),
(1145, 18, 17, '2025-09-11', '90.00', 'Pendiente', '2024-04-12 03:37:34', 'Brayan Medina'),
(1146, 18, 18, '2025-10-11', '90.00', 'Pendiente', '2024-04-12 03:37:34', 'Brayan Medina'),
(1147, 18, 19, '2025-11-11', '90.00', 'Pendiente', '2024-04-12 03:37:34', 'Brayan Medina'),
(1148, 18, 20, '2025-12-11', '90.00', 'Pendiente', '2024-04-12 03:37:34', 'Brayan Medina'),
(1149, 18, 21, '2026-01-11', '90.00', 'Pendiente', '2024-04-12 03:37:34', 'Brayan Medina'),
(1150, 18, 22, '2026-02-11', '90.00', 'Pendiente', '2024-04-12 03:37:34', 'Brayan Medina'),
(1151, 18, 23, '2026-03-11', '90.00', 'Pendiente', '2024-04-12 03:37:34', 'Brayan Medina'),
(1152, 18, 24, '2026-04-11', '90.00', 'Pendiente', '2024-04-12 03:37:34', 'Brayan Medina'),
(1153, 18, 1, '2024-05-11', '90.00', 'Pendiente', '2024-04-12 03:37:34', 'Brayan Medina'),
(1154, 18, 2, '2024-06-11', '90.00', 'Pendiente', '2024-04-12 03:37:34', 'Brayan Medina'),
(1155, 18, 3, '2024-07-11', '90.00', 'Pendiente', '2024-04-12 03:37:34', 'Brayan Medina'),
(1156, 18, 4, '2024-08-11', '90.00', 'Pendiente', '2024-04-12 03:37:34', 'Brayan Medina'),
(1157, 18, 5, '2024-09-11', '90.00', 'Pendiente', '2024-04-12 03:37:34', 'Brayan Medina'),
(1158, 18, 6, '2024-10-11', '90.00', 'Pendiente', '2024-04-12 03:37:34', 'Brayan Medina'),
(1159, 18, 7, '2024-11-11', '90.00', 'Pendiente', '2024-04-12 03:37:34', 'Brayan Medina'),
(1160, 18, 8, '2024-12-11', '90.00', 'Pendiente', '2024-04-12 03:37:34', 'Brayan Medina'),
(1161, 18, 9, '2025-01-11', '90.00', 'Pendiente', '2024-04-12 03:37:34', 'Brayan Medina'),
(1162, 18, 10, '2025-02-11', '90.00', 'Pendiente', '2024-04-12 03:37:34', 'Brayan Medina'),
(1163, 18, 11, '2025-03-11', '90.00', 'Pendiente', '2024-04-12 03:37:34', 'Brayan Medina'),
(1164, 18, 12, '2025-04-11', '90.00', 'Pendiente', '2024-04-12 03:37:34', 'Brayan Medina'),
(1165, 18, 1, '2024-05-11', '90.00', 'Pendiente', '2024-04-12 03:37:34', 'Brayan Medina'),
(1166, 18, 2, '2024-06-11', '90.00', 'Pendiente', '2024-04-12 03:37:34', 'Brayan Medina'),
(1167, 18, 3, '2024-07-11', '90.00', 'Pendiente', '2024-04-12 03:37:34', 'Brayan Medina'),
(1168, 18, 4, '2024-08-11', '90.00', 'Pendiente', '2024-04-12 03:37:34', 'Brayan Medina'),
(1169, 18, 5, '2024-09-11', '90.00', 'Pendiente', '2024-04-12 03:37:34', 'Brayan Medina'),
(1170, 18, 6, '2024-10-11', '90.00', 'Pendiente', '2024-04-12 03:37:34', 'Brayan Medina'),
(1171, 18, 7, '2024-11-11', '90.00', 'Pendiente', '2024-04-12 03:37:34', 'Brayan Medina'),
(1172, 18, 8, '2024-12-11', '90.00', 'Pendiente', '2024-04-12 03:37:34', 'Brayan Medina'),
(1173, 18, 9, '2025-01-11', '90.00', 'Pendiente', '2024-04-12 03:37:34', 'Brayan Medina'),
(1174, 18, 10, '2025-02-11', '90.00', 'Pendiente', '2024-04-12 03:37:34', 'Brayan Medina'),
(1175, 18, 11, '2025-03-11', '90.00', 'Pendiente', '2024-04-12 03:37:34', 'Brayan Medina'),
(1176, 18, 12, '2025-04-11', '90.00', 'Pendiente', '2024-04-12 03:37:34', 'Brayan Medina'),
(1177, 18, 13, '2025-05-11', '90.00', 'Pendiente', '2024-04-12 03:37:34', 'Brayan Medina'),
(1178, 18, 14, '2025-06-11', '90.00', 'Pendiente', '2024-04-12 03:37:34', 'Brayan Medina'),
(1179, 18, 15, '2025-07-11', '90.00', 'Pendiente', '2024-04-12 03:37:34', 'Brayan Medina'),
(1180, 18, 16, '2025-08-11', '90.00', 'Pendiente', '2024-04-12 03:37:34', 'Brayan Medina'),
(1181, 18, 17, '2025-09-11', '90.00', 'Pendiente', '2024-04-12 03:37:34', 'Brayan Medina'),
(1182, 18, 18, '2025-10-11', '90.00', 'Pendiente', '2024-04-12 03:37:34', 'Brayan Medina'),
(1183, 18, 19, '2025-11-11', '90.00', 'Pendiente', '2024-04-12 03:37:34', 'Brayan Medina'),
(1184, 18, 20, '2025-12-11', '90.00', 'Pendiente', '2024-04-12 03:37:34', 'Brayan Medina'),
(1185, 18, 21, '2026-01-11', '90.00', 'Pendiente', '2024-04-12 03:37:34', 'Brayan Medina'),
(1186, 18, 22, '2026-02-11', '90.00', 'Pendiente', '2024-04-12 03:37:34', 'Brayan Medina'),
(1187, 18, 23, '2026-03-11', '90.00', 'Pendiente', '2024-04-12 03:37:34', 'Brayan Medina'),
(1188, 18, 24, '2026-04-11', '90.00', 'Pendiente', '2024-04-12 03:37:34', 'Brayan Medina'),
(1189, 18, 1, '2024-05-11', '90.00', 'Pendiente', '2024-04-12 03:37:34', 'Brayan Medina'),
(1190, 18, 2, '2024-06-11', '90.00', 'Pendiente', '2024-04-12 03:37:34', 'Brayan Medina'),
(1191, 18, 3, '2024-07-11', '90.00', 'Pendiente', '2024-04-12 03:37:34', 'Brayan Medina'),
(1192, 18, 4, '2024-08-11', '90.00', 'Pendiente', '2024-04-12 03:37:34', 'Brayan Medina'),
(1193, 18, 5, '2024-09-11', '90.00', 'Pendiente', '2024-04-12 03:37:34', 'Brayan Medina'),
(1194, 18, 6, '2024-10-11', '90.00', 'Pendiente', '2024-04-12 03:37:34', 'Brayan Medina'),
(1195, 18, 7, '2024-11-11', '90.00', 'Pendiente', '2024-04-12 03:37:34', 'Brayan Medina'),
(1196, 18, 8, '2024-12-11', '90.00', 'Pendiente', '2024-04-12 03:37:34', 'Brayan Medina'),
(1197, 18, 9, '2025-01-11', '90.00', 'Pendiente', '2024-04-12 03:37:34', 'Brayan Medina'),
(1198, 18, 10, '2025-02-11', '90.00', 'Pendiente', '2024-04-12 03:37:34', 'Brayan Medina'),
(1199, 18, 11, '2025-03-11', '90.00', 'Pendiente', '2024-04-12 03:37:34', 'Brayan Medina'),
(1200, 18, 12, '2025-04-11', '90.00', 'Pendiente', '2024-04-12 03:37:34', 'Brayan Medina'),
(1201, 18, 1, '2024-05-11', '90.00', 'Pendiente', '2024-04-12 03:37:34', 'Brayan Medina'),
(1202, 18, 2, '2024-06-11', '90.00', 'Pendiente', '2024-04-12 03:37:34', 'Brayan Medina'),
(1203, 18, 3, '2024-07-11', '90.00', 'Pendiente', '2024-04-12 03:37:34', 'Brayan Medina'),
(1204, 18, 4, '2024-08-11', '90.00', 'Pendiente', '2024-04-12 03:37:34', 'Brayan Medina'),
(1205, 18, 5, '2024-09-11', '90.00', 'Pendiente', '2024-04-12 03:37:34', 'Brayan Medina'),
(1206, 18, 6, '2024-10-11', '90.00', 'Pendiente', '2024-04-12 03:37:34', 'Brayan Medina'),
(1207, 18, 7, '2024-11-11', '90.00', 'Pendiente', '2024-04-12 03:37:34', 'Brayan Medina'),
(1208, 18, 8, '2024-12-11', '90.00', 'Pendiente', '2024-04-12 03:37:34', 'Brayan Medina'),
(1209, 18, 9, '2025-01-11', '90.00', 'Pendiente', '2024-04-12 03:37:34', 'Brayan Medina'),
(1210, 18, 10, '2025-02-11', '90.00', 'Pendiente', '2024-04-12 03:37:34', 'Brayan Medina'),
(1211, 18, 11, '2025-03-11', '90.00', 'Pendiente', '2024-04-12 03:37:34', 'Brayan Medina'),
(1212, 18, 12, '2025-04-11', '90.00', 'Pendiente', '2024-04-12 03:37:34', 'Brayan Medina'),
(1213, 18, 13, '2025-05-11', '90.00', 'Pendiente', '2024-04-12 03:37:34', 'Brayan Medina'),
(1214, 18, 14, '2025-06-11', '90.00', 'Pendiente', '2024-04-12 03:37:34', 'Brayan Medina'),
(1215, 18, 15, '2025-07-11', '90.00', 'Pendiente', '2024-04-12 03:37:34', 'Brayan Medina'),
(1216, 18, 16, '2025-08-11', '90.00', 'Pendiente', '2024-04-12 03:37:34', 'Brayan Medina'),
(1217, 18, 17, '2025-09-11', '90.00', 'Pendiente', '2024-04-12 03:37:34', 'Brayan Medina'),
(1218, 18, 18, '2025-10-11', '90.00', 'Pendiente', '2024-04-12 03:37:34', 'Brayan Medina'),
(1219, 18, 19, '2025-11-11', '90.00', 'Pendiente', '2024-04-12 03:37:34', 'Brayan Medina'),
(1220, 18, 20, '2025-12-11', '90.00', 'Pendiente', '2024-04-12 03:37:34', 'Brayan Medina'),
(1221, 18, 21, '2026-01-11', '90.00', 'Pendiente', '2024-04-12 03:37:34', 'Brayan Medina'),
(1222, 18, 22, '2026-02-11', '90.00', 'Pendiente', '2024-04-12 03:37:34', 'Brayan Medina'),
(1223, 18, 23, '2026-03-11', '90.00', 'Pendiente', '2024-04-12 03:37:34', 'Brayan Medina'),
(1224, 18, 24, '2026-04-11', '90.00', 'Pendiente', '2024-04-12 03:37:34', 'Brayan Medina'),
(1225, 18, 1, '2024-05-11', '90.00', 'Pendiente', '2024-04-12 03:37:34', 'Brayan Medina'),
(1226, 18, 2, '2024-06-11', '90.00', 'Pendiente', '2024-04-12 03:37:34', 'Brayan Medina'),
(1227, 18, 3, '2024-07-11', '90.00', 'Pendiente', '2024-04-12 03:37:34', 'Brayan Medina'),
(1228, 18, 4, '2024-08-11', '90.00', 'Pendiente', '2024-04-12 03:37:34', 'Brayan Medina'),
(1229, 18, 5, '2024-09-11', '90.00', 'Pendiente', '2024-04-12 03:37:34', 'Brayan Medina'),
(1230, 18, 6, '2024-10-11', '90.00', 'Pendiente', '2024-04-12 03:37:34', 'Brayan Medina'),
(1231, 18, 7, '2024-11-11', '90.00', 'Pendiente', '2024-04-12 03:37:34', 'Brayan Medina'),
(1232, 18, 8, '2024-12-11', '90.00', 'Pendiente', '2024-04-12 03:37:34', 'Brayan Medina'),
(1233, 18, 9, '2025-01-11', '90.00', 'Pendiente', '2024-04-12 03:37:34', 'Brayan Medina'),
(1234, 18, 10, '2025-02-11', '90.00', 'Pendiente', '2024-04-12 03:37:34', 'Brayan Medina'),
(1235, 18, 11, '2025-03-11', '90.00', 'Pendiente', '2024-04-12 03:37:34', 'Brayan Medina'),
(1236, 18, 12, '2025-04-11', '90.00', 'Pendiente', '2024-04-12 03:37:34', 'Brayan Medina'),
(1237, 18, 1, '2024-05-11', '90.00', 'Pendiente', '2024-04-12 03:37:34', 'Brayan Medina'),
(1238, 18, 2, '2024-06-11', '90.00', 'Pendiente', '2024-04-12 03:37:34', 'Brayan Medina'),
(1239, 18, 3, '2024-07-11', '90.00', 'Pendiente', '2024-04-12 03:37:34', 'Brayan Medina'),
(1240, 18, 4, '2024-08-11', '90.00', 'Pendiente', '2024-04-12 03:37:34', 'Brayan Medina'),
(1241, 18, 5, '2024-09-11', '90.00', 'Pendiente', '2024-04-12 03:37:34', 'Brayan Medina'),
(1242, 18, 6, '2024-10-11', '90.00', 'Pendiente', '2024-04-12 03:37:34', 'Brayan Medina'),
(1243, 18, 7, '2024-11-11', '90.00', 'Pendiente', '2024-04-12 03:37:34', 'Brayan Medina'),
(1244, 18, 8, '2024-12-11', '90.00', 'Pendiente', '2024-04-12 03:37:34', 'Brayan Medina'),
(1245, 18, 9, '2025-01-11', '90.00', 'Pendiente', '2024-04-12 03:37:34', 'Brayan Medina'),
(1246, 18, 10, '2025-02-11', '90.00', 'Pendiente', '2024-04-12 03:37:34', 'Brayan Medina'),
(1247, 18, 11, '2025-03-11', '90.00', 'Pendiente', '2024-04-12 03:37:34', 'Brayan Medina'),
(1248, 18, 12, '2025-04-11', '90.00', 'Pendiente', '2024-04-12 03:37:34', 'Brayan Medina'),
(1249, 18, 13, '2025-05-11', '90.00', 'Pendiente', '2024-04-12 03:37:34', 'Brayan Medina'),
(1250, 18, 14, '2025-06-11', '90.00', 'Pendiente', '2024-04-12 03:37:34', 'Brayan Medina'),
(1251, 18, 15, '2025-07-11', '90.00', 'Pendiente', '2024-04-12 03:37:34', 'Brayan Medina'),
(1252, 18, 16, '2025-08-11', '90.00', 'Pendiente', '2024-04-12 03:37:34', 'Brayan Medina'),
(1253, 18, 17, '2025-09-11', '90.00', 'Pendiente', '2024-04-12 03:37:34', 'Brayan Medina'),
(1254, 18, 18, '2025-10-11', '90.00', 'Pendiente', '2024-04-12 03:37:34', 'Brayan Medina'),
(1255, 18, 19, '2025-11-11', '90.00', 'Pendiente', '2024-04-12 03:37:34', 'Brayan Medina'),
(1256, 18, 20, '2025-12-11', '90.00', 'Pendiente', '2024-04-12 03:37:34', 'Brayan Medina'),
(1257, 18, 21, '2026-01-11', '90.00', 'Pendiente', '2024-04-12 03:37:34', 'Brayan Medina'),
(1258, 18, 22, '2026-02-11', '90.00', 'Pendiente', '2024-04-12 03:37:34', 'Brayan Medina'),
(1259, 18, 23, '2026-03-11', '90.00', 'Pendiente', '2024-04-12 03:37:34', 'Brayan Medina'),
(1260, 18, 24, '2026-04-11', '90.00', 'Pendiente', '2024-04-12 03:37:34', 'Brayan Medina'),
(1261, 19, 1, '2024-05-11', '42.00', 'Pendiente', '2024-04-12 03:38:16', 'Deux Medina'),
(1262, 19, 2, '2024-06-11', '42.00', 'Pendiente', '2024-04-12 03:38:16', 'Deux Medina'),
(1263, 19, 3, '2024-07-11', '42.00', 'Pendiente', '2024-04-12 03:38:16', 'Deux Medina'),
(1264, 19, 4, '2024-08-11', '42.00', 'Pendiente', '2024-04-12 03:38:16', 'Deux Medina'),
(1265, 19, 5, '2024-09-11', '42.00', 'Pendiente', '2024-04-12 03:38:16', 'Deux Medina'),
(1266, 19, 6, '2024-10-11', '42.00', 'Pendiente', '2024-04-12 03:38:16', 'Deux Medina'),
(1267, 19, 7, '2024-11-11', '42.00', 'Pendiente', '2024-04-12 03:38:16', 'Deux Medina'),
(1268, 19, 8, '2024-12-11', '42.00', 'Pendiente', '2024-04-12 03:38:16', 'Deux Medina'),
(1269, 19, 9, '2025-01-11', '42.00', 'Pendiente', '2024-04-12 03:38:16', 'Deux Medina'),
(1270, 19, 10, '2025-02-11', '42.00', 'Pendiente', '2024-04-12 03:38:16', 'Deux Medina'),
(1271, 19, 11, '2025-03-11', '42.00', 'Pendiente', '2024-04-12 03:38:16', 'Deux Medina'),
(1272, 19, 12, '2025-04-11', '42.00', 'Pendiente', '2024-04-12 03:38:16', 'Deux Medina'),
(1273, 19, 13, '2025-05-11', '42.00', 'Pendiente', '2024-04-12 03:38:16', 'Deux Medina'),
(1274, 19, 14, '2025-06-11', '42.00', 'Pendiente', '2024-04-12 03:38:16', 'Deux Medina'),
(1275, 19, 15, '2025-07-11', '42.00', 'Pendiente', '2024-04-12 03:38:16', 'Deux Medina'),
(1276, 19, 16, '2025-08-11', '42.00', 'Pendiente', '2024-04-12 03:38:16', 'Deux Medina'),
(1277, 19, 17, '2025-09-11', '42.00', 'Pendiente', '2024-04-12 03:38:16', 'Deux Medina'),
(1278, 19, 18, '2025-10-11', '42.00', 'Pendiente', '2024-04-12 03:38:16', 'Deux Medina'),
(1279, 19, 19, '2025-11-11', '42.00', 'Pendiente', '2024-04-12 03:38:16', 'Deux Medina'),
(1280, 19, 20, '2025-12-11', '42.00', 'Pendiente', '2024-04-12 03:38:16', 'Deux Medina'),
(1281, 19, 21, '2026-01-11', '42.00', 'Pendiente', '2024-04-12 03:38:16', 'Deux Medina'),
(1282, 19, 22, '2026-02-11', '42.00', 'Pendiente', '2024-04-12 03:38:16', 'Deux Medina'),
(1283, 19, 23, '2026-03-11', '42.00', 'Pendiente', '2024-04-12 03:38:16', 'Deux Medina'),
(1284, 19, 24, '2026-04-11', '42.00', 'Pendiente', '2024-04-12 03:38:16', 'Deux Medina'),
(1285, 19, 25, '2026-05-11', '42.00', 'Pendiente', '2024-04-12 03:38:16', 'Deux Medina'),
(1286, 19, 26, '2026-06-11', '42.00', 'Pendiente', '2024-04-12 03:38:16', 'Deux Medina'),
(1287, 19, 27, '2026-07-11', '42.00', 'Pendiente', '2024-04-12 03:38:16', 'Deux Medina'),
(1288, 19, 28, '2026-08-11', '42.00', 'Pendiente', '2024-04-12 03:38:16', 'Deux Medina'),
(1289, 19, 29, '2026-09-11', '42.00', 'Pendiente', '2024-04-12 03:38:16', 'Deux Medina'),
(1290, 19, 30, '2026-10-11', '42.00', 'Pendiente', '2024-04-12 03:38:16', 'Deux Medina'),
(1291, 19, 31, '2026-11-11', '42.00', 'Pendiente', '2024-04-12 03:38:16', 'Deux Medina'),
(1292, 19, 32, '2026-12-11', '42.00', 'Pendiente', '2024-04-12 03:38:16', 'Deux Medina'),
(1293, 19, 33, '2027-01-11', '42.00', 'Pendiente', '2024-04-12 03:38:16', 'Deux Medina'),
(1294, 19, 34, '2027-02-11', '42.00', 'Pendiente', '2024-04-12 03:38:16', 'Deux Medina'),
(1295, 19, 35, '2027-03-11', '42.00', 'Pendiente', '2024-04-12 03:38:16', 'Deux Medina'),
(1296, 19, 36, '2027-04-11', '42.00', 'Pendiente', '2024-04-12 03:38:16', 'Deux Medina'),
(1297, 19, 37, '2027-05-11', '42.00', 'Pendiente', '2024-04-12 03:38:16', 'Deux Medina'),
(1298, 19, 38, '2027-06-11', '42.00', 'Pendiente', '2024-04-12 03:38:16', 'Deux Medina'),
(1299, 19, 39, '2027-07-11', '42.00', 'Pendiente', '2024-04-12 03:38:16', 'Deux Medina'),
(1300, 19, 40, '2027-08-11', '42.00', 'Pendiente', '2024-04-12 03:38:16', 'Deux Medina'),
(1301, 19, 41, '2027-09-11', '42.00', 'Pendiente', '2024-04-12 03:38:16', 'Deux Medina'),
(1302, 19, 42, '2027-10-11', '42.00', 'Pendiente', '2024-04-12 03:38:16', 'Deux Medina'),
(1303, 19, 43, '2027-11-11', '42.00', 'Pendiente', '2024-04-12 03:38:16', 'Deux Medina'),
(1304, 19, 44, '2027-12-11', '42.00', 'Pendiente', '2024-04-12 03:38:16', 'Deux Medina'),
(1305, 19, 45, '2028-01-11', '42.00', 'Pendiente', '2024-04-12 03:38:16', 'Deux Medina'),
(1306, 19, 46, '2028-02-11', '42.00', 'Pendiente', '2024-04-12 03:38:16', 'Deux Medina'),
(1307, 19, 47, '2028-03-11', '42.00', 'Pendiente', '2024-04-12 03:38:16', 'Deux Medina'),
(1308, 19, 48, '2028-04-11', '42.00', 'Pendiente', '2024-04-12 03:38:16', 'Deux Medina'),
(1309, 19, 49, '2028-05-11', '42.00', 'Pendiente', '2024-04-12 03:38:16', 'Deux Medina'),
(1310, 19, 50, '2028-06-11', '42.00', 'Pendiente', '2024-04-12 03:38:16', 'Deux Medina'),
(1311, 19, 51, '2028-07-11', '42.00', 'Pendiente', '2024-04-12 03:38:16', 'Deux Medina'),
(1312, 19, 52, '2028-08-11', '42.00', 'Pendiente', '2024-04-12 03:38:16', 'Deux Medina'),
(1313, 19, 53, '2028-09-11', '42.00', 'Pendiente', '2024-04-12 03:38:16', 'Deux Medina'),
(1314, 19, 54, '2028-10-11', '42.00', 'Pendiente', '2024-04-12 03:38:16', 'Deux Medina'),
(1315, 19, 55, '2028-11-11', '42.00', 'Pendiente', '2024-04-12 03:38:16', 'Deux Medina'),
(1316, 19, 56, '2028-12-11', '42.00', 'Pendiente', '2024-04-12 03:38:16', 'Deux Medina'),
(1317, 19, 57, '2029-01-11', '42.00', 'Pendiente', '2024-04-12 03:38:16', 'Deux Medina'),
(1318, 19, 58, '2029-02-11', '42.00', 'Pendiente', '2024-04-12 03:38:16', 'Deux Medina'),
(1319, 19, 59, '2029-03-11', '42.00', 'Pendiente', '2024-04-12 03:38:16', 'Deux Medina'),
(1320, 19, 60, '2029-04-11', '42.00', 'Pendiente', '2024-04-12 03:38:16', 'Deux Medina'),
(1321, 19, 61, '2029-05-11', '42.00', 'Pendiente', '2024-04-12 03:38:16', 'Deux Medina'),
(1322, 19, 62, '2029-06-11', '42.00', 'Pendiente', '2024-04-12 03:38:16', 'Deux Medina'),
(1323, 19, 63, '2029-07-11', '42.00', 'Pendiente', '2024-04-12 03:38:16', 'Deux Medina'),
(1324, 19, 64, '2029-08-11', '42.00', 'Pendiente', '2024-04-12 03:38:16', 'Deux Medina'),
(1325, 19, 65, '2029-09-11', '42.00', 'Pendiente', '2024-04-12 03:38:16', 'Deux Medina'),
(1326, 19, 66, '2029-10-11', '42.00', 'Pendiente', '2024-04-12 03:38:16', 'Deux Medina'),
(1327, 19, 67, '2029-11-11', '42.00', 'Pendiente', '2024-04-12 03:38:16', 'Deux Medina'),
(1328, 19, 68, '2029-12-11', '42.00', 'Pendiente', '2024-04-12 03:38:16', 'Deux Medina'),
(1329, 19, 69, '2030-01-11', '42.00', 'Pendiente', '2024-04-12 03:38:16', 'Deux Medina'),
(1330, 19, 70, '2030-02-11', '42.00', 'Pendiente', '2024-04-12 03:38:16', 'Deux Medina'),
(1331, 19, 71, '2030-03-11', '42.00', 'Pendiente', '2024-04-12 03:38:16', 'Deux Medina'),
(1332, 19, 72, '2030-04-11', '42.00', 'Pendiente', '2024-04-12 03:38:16', 'Deux Medina'),
(1333, 19, 1, '2024-05-11', '42.00', 'Pendiente', '2024-04-12 03:38:16', 'Deux Medina'),
(1334, 19, 2, '2024-06-11', '42.00', 'Pendiente', '2024-04-12 03:38:16', 'Deux Medina'),
(1335, 19, 3, '2024-07-11', '42.00', 'Pendiente', '2024-04-12 03:38:16', 'Deux Medina'),
(1336, 19, 4, '2024-08-11', '42.00', 'Pendiente', '2024-04-12 03:38:16', 'Deux Medina'),
(1337, 19, 5, '2024-09-11', '42.00', 'Pendiente', '2024-04-12 03:38:16', 'Deux Medina'),
(1338, 19, 6, '2024-10-11', '42.00', 'Pendiente', '2024-04-12 03:38:16', 'Deux Medina'),
(1339, 19, 7, '2024-11-11', '42.00', 'Pendiente', '2024-04-12 03:38:16', 'Deux Medina'),
(1340, 19, 8, '2024-12-11', '42.00', 'Pendiente', '2024-04-12 03:38:16', 'Deux Medina'),
(1341, 19, 9, '2025-01-11', '42.00', 'Pendiente', '2024-04-12 03:38:16', 'Deux Medina'),
(1342, 19, 10, '2025-02-11', '42.00', 'Pendiente', '2024-04-12 03:38:16', 'Deux Medina'),
(1343, 19, 11, '2025-03-11', '42.00', 'Pendiente', '2024-04-12 03:38:16', 'Deux Medina'),
(1344, 19, 12, '2025-04-11', '42.00', 'Pendiente', '2024-04-12 03:38:16', 'Deux Medina'),
(1345, 19, 1, '2024-05-11', '42.00', 'Pendiente', '2024-04-12 03:38:16', 'Deux Medina'),
(1346, 19, 2, '2024-06-11', '42.00', 'Pendiente', '2024-04-12 03:38:16', 'Deux Medina'),
(1347, 19, 3, '2024-07-11', '42.00', 'Pendiente', '2024-04-12 03:38:16', 'Deux Medina'),
(1348, 19, 4, '2024-08-11', '42.00', 'Pendiente', '2024-04-12 03:38:16', 'Deux Medina'),
(1349, 19, 5, '2024-09-11', '42.00', 'Pendiente', '2024-04-12 03:38:16', 'Deux Medina'),
(1350, 19, 6, '2024-10-11', '42.00', 'Pendiente', '2024-04-12 03:38:16', 'Deux Medina'),
(1351, 19, 7, '2024-11-11', '42.00', 'Pendiente', '2024-04-12 03:38:16', 'Deux Medina'),
(1352, 19, 8, '2024-12-11', '42.00', 'Pendiente', '2024-04-12 03:38:16', 'Deux Medina'),
(1353, 19, 9, '2025-01-11', '42.00', 'Pendiente', '2024-04-12 03:38:16', 'Deux Medina'),
(1354, 19, 10, '2025-02-11', '42.00', 'Pendiente', '2024-04-12 03:38:16', 'Deux Medina'),
(1355, 19, 11, '2025-03-11', '42.00', 'Pendiente', '2024-04-12 03:38:16', 'Deux Medina'),
(1356, 19, 12, '2025-04-11', '42.00', 'Pendiente', '2024-04-12 03:38:16', 'Deux Medina'),
(1357, 19, 13, '2025-05-11', '42.00', 'Pendiente', '2024-04-12 03:38:16', 'Deux Medina'),
(1358, 19, 14, '2025-06-11', '42.00', 'Pendiente', '2024-04-12 03:38:16', 'Deux Medina'),
(1359, 19, 15, '2025-07-11', '42.00', 'Pendiente', '2024-04-12 03:38:16', 'Deux Medina'),
(1360, 19, 16, '2025-08-11', '42.00', 'Pendiente', '2024-04-12 03:38:16', 'Deux Medina'),
(1361, 19, 17, '2025-09-11', '42.00', 'Pendiente', '2024-04-12 03:38:16', 'Deux Medina'),
(1362, 19, 18, '2025-10-11', '42.00', 'Pendiente', '2024-04-12 03:38:16', 'Deux Medina'),
(1363, 19, 19, '2025-11-11', '42.00', 'Pendiente', '2024-04-12 03:38:16', 'Deux Medina'),
(1364, 19, 20, '2025-12-11', '42.00', 'Pendiente', '2024-04-12 03:38:16', 'Deux Medina'),
(1365, 19, 21, '2026-01-11', '42.00', 'Pendiente', '2024-04-12 03:38:16', 'Deux Medina'),
(1366, 19, 22, '2026-02-11', '42.00', 'Pendiente', '2024-04-12 03:38:16', 'Deux Medina'),
(1367, 19, 23, '2026-03-11', '42.00', 'Pendiente', '2024-04-12 03:38:16', 'Deux Medina'),
(1368, 19, 24, '2026-04-11', '42.00', 'Pendiente', '2024-04-12 03:38:16', 'Deux Medina'),
(1369, 19, 25, '2026-05-11', '42.00', 'Pendiente', '2024-04-12 03:38:16', 'Deux Medina'),
(1370, 19, 26, '2026-06-11', '42.00', 'Pendiente', '2024-04-12 03:38:16', 'Deux Medina'),
(1371, 19, 27, '2026-07-11', '42.00', 'Pendiente', '2024-04-12 03:38:16', 'Deux Medina'),
(1372, 19, 28, '2026-08-11', '42.00', 'Pendiente', '2024-04-12 03:38:16', 'Deux Medina'),
(1373, 19, 29, '2026-09-11', '42.00', 'Pendiente', '2024-04-12 03:38:16', 'Deux Medina'),
(1374, 19, 30, '2026-10-11', '42.00', 'Pendiente', '2024-04-12 03:38:16', 'Deux Medina'),
(1375, 19, 31, '2026-11-11', '42.00', 'Pendiente', '2024-04-12 03:38:16', 'Deux Medina'),
(1376, 19, 32, '2026-12-11', '42.00', 'Pendiente', '2024-04-12 03:38:16', 'Deux Medina'),
(1377, 19, 33, '2027-01-11', '42.00', 'Pendiente', '2024-04-12 03:38:16', 'Deux Medina'),
(1378, 19, 34, '2027-02-11', '42.00', 'Pendiente', '2024-04-12 03:38:16', 'Deux Medina'),
(1379, 19, 35, '2027-03-11', '42.00', 'Pendiente', '2024-04-12 03:38:16', 'Deux Medina'),
(1380, 19, 36, '2027-04-11', '42.00', 'Pendiente', '2024-04-12 03:38:16', 'Deux Medina'),
(1381, 19, 37, '2027-05-11', '42.00', 'Pendiente', '2024-04-12 03:38:16', 'Deux Medina'),
(1382, 19, 38, '2027-06-11', '42.00', 'Pendiente', '2024-04-12 03:38:16', 'Deux Medina'),
(1383, 19, 39, '2027-07-11', '42.00', 'Pendiente', '2024-04-12 03:38:16', 'Deux Medina'),
(1384, 19, 40, '2027-08-11', '42.00', 'Pendiente', '2024-04-12 03:38:16', 'Deux Medina'),
(1385, 19, 41, '2027-09-11', '42.00', 'Pendiente', '2024-04-12 03:38:16', 'Deux Medina'),
(1386, 19, 42, '2027-10-11', '42.00', 'Pendiente', '2024-04-12 03:38:16', 'Deux Medina'),
(1387, 19, 43, '2027-11-11', '42.00', 'Pendiente', '2024-04-12 03:38:16', 'Deux Medina'),
(1388, 19, 44, '2027-12-11', '42.00', 'Pendiente', '2024-04-12 03:38:16', 'Deux Medina'),
(1389, 19, 45, '2028-01-11', '42.00', 'Pendiente', '2024-04-12 03:38:16', 'Deux Medina'),
(1390, 19, 46, '2028-02-11', '42.00', 'Pendiente', '2024-04-12 03:38:16', 'Deux Medina'),
(1391, 19, 47, '2028-03-11', '42.00', 'Pendiente', '2024-04-12 03:38:16', 'Deux Medina'),
(1392, 19, 48, '2028-04-11', '42.00', 'Pendiente', '2024-04-12 03:38:16', 'Deux Medina'),
(1393, 19, 49, '2028-05-11', '42.00', 'Pendiente', '2024-04-12 03:38:16', 'Deux Medina'),
(1394, 19, 50, '2028-06-11', '42.00', 'Pendiente', '2024-04-12 03:38:16', 'Deux Medina'),
(1395, 19, 51, '2028-07-11', '42.00', 'Pendiente', '2024-04-12 03:38:16', 'Deux Medina'),
(1396, 19, 52, '2028-08-11', '42.00', 'Pendiente', '2024-04-12 03:38:16', 'Deux Medina'),
(1397, 19, 53, '2028-09-11', '42.00', 'Pendiente', '2024-04-12 03:38:16', 'Deux Medina'),
(1398, 19, 54, '2028-10-11', '42.00', 'Pendiente', '2024-04-12 03:38:16', 'Deux Medina'),
(1399, 19, 55, '2028-11-11', '42.00', 'Pendiente', '2024-04-12 03:38:16', 'Deux Medina'),
(1400, 19, 56, '2028-12-11', '42.00', 'Pendiente', '2024-04-12 03:38:16', 'Deux Medina'),
(1401, 19, 57, '2029-01-11', '42.00', 'Pendiente', '2024-04-12 03:38:16', 'Deux Medina'),
(1402, 19, 58, '2029-02-11', '42.00', 'Pendiente', '2024-04-12 03:38:16', 'Deux Medina'),
(1403, 19, 59, '2029-03-11', '42.00', 'Pendiente', '2024-04-12 03:38:16', 'Deux Medina'),
(1404, 19, 60, '2029-04-11', '42.00', 'Pendiente', '2024-04-12 03:38:16', 'Deux Medina'),
(1405, 19, 61, '2029-05-11', '42.00', 'Pendiente', '2024-04-12 03:38:16', 'Deux Medina'),
(1406, 19, 62, '2029-06-11', '42.00', 'Pendiente', '2024-04-12 03:38:16', 'Deux Medina'),
(1407, 19, 63, '2029-07-11', '42.00', 'Pendiente', '2024-04-12 03:38:16', 'Deux Medina'),
(1408, 19, 64, '2029-08-11', '42.00', 'Pendiente', '2024-04-12 03:38:16', 'Deux Medina'),
(1409, 19, 65, '2029-09-11', '42.00', 'Pendiente', '2024-04-12 03:38:16', 'Deux Medina'),
(1410, 19, 66, '2029-10-11', '42.00', 'Pendiente', '2024-04-12 03:38:16', 'Deux Medina'),
(1411, 19, 67, '2029-11-11', '42.00', 'Pendiente', '2024-04-12 03:38:16', 'Deux Medina'),
(1412, 19, 68, '2029-12-11', '42.00', 'Pendiente', '2024-04-12 03:38:16', 'Deux Medina'),
(1413, 19, 69, '2030-01-11', '42.00', 'Pendiente', '2024-04-12 03:38:16', 'Deux Medina'),
(1414, 19, 70, '2030-02-11', '42.00', 'Pendiente', '2024-04-12 03:38:16', 'Deux Medina'),
(1415, 19, 71, '2030-03-11', '42.00', 'Pendiente', '2024-04-12 03:38:16', 'Deux Medina'),
(1416, 19, 72, '2030-04-11', '42.00', 'Pendiente', '2024-04-12 03:38:16', 'Deux Medina'),
(1417, 19, 73, '2030-05-11', '42.00', 'Pendiente', '2024-04-12 03:38:16', 'Deux Medina'),
(1418, 19, 74, '2030-06-11', '42.00', 'Pendiente', '2024-04-12 03:38:16', 'Deux Medina'),
(1419, 19, 75, '2030-07-11', '42.00', 'Pendiente', '2024-04-12 03:38:16', 'Deux Medina'),
(1420, 19, 76, '2030-08-11', '42.00', 'Pendiente', '2024-04-12 03:38:16', 'Deux Medina'),
(1421, 19, 77, '2030-09-11', '42.00', 'Pendiente', '2024-04-12 03:38:16', 'Deux Medina'),
(1422, 19, 78, '2030-10-11', '42.00', 'Pendiente', '2024-04-12 03:38:16', 'Deux Medina'),
(1423, 19, 79, '2030-11-11', '42.00', 'Pendiente', '2024-04-12 03:38:16', 'Deux Medina'),
(1424, 19, 80, '2030-12-11', '42.00', 'Pendiente', '2024-04-12 03:38:16', 'Deux Medina'),
(1425, 19, 81, '2031-01-11', '42.00', 'Pendiente', '2024-04-12 03:38:16', 'Deux Medina'),
(1426, 19, 82, '2031-02-11', '42.00', 'Pendiente', '2024-04-12 03:38:16', 'Deux Medina'),
(1427, 19, 83, '2031-03-11', '42.00', 'Pendiente', '2024-04-12 03:38:16', 'Deux Medina'),
(1428, 19, 84, '2031-04-11', '42.00', 'Pendiente', '2024-04-12 03:38:16', 'Deux Medina'),
(1429, 19, 85, '2031-05-11', '42.00', 'Pendiente', '2024-04-12 03:38:16', 'Deux Medina'),
(1430, 19, 86, '2031-06-11', '42.00', 'Pendiente', '2024-04-12 03:38:16', 'Deux Medina'),
(1431, 19, 87, '2031-07-11', '42.00', 'Pendiente', '2024-04-12 03:38:16', 'Deux Medina'),
(1432, 19, 88, '2031-08-11', '42.00', 'Pendiente', '2024-04-12 03:38:16', 'Deux Medina'),
(1433, 19, 89, '2031-09-11', '42.00', 'Pendiente', '2024-04-12 03:38:16', 'Deux Medina'),
(1434, 19, 90, '2031-10-11', '42.00', 'Pendiente', '2024-04-12 03:38:16', 'Deux Medina'),
(1435, 19, 91, '2031-11-11', '42.00', 'Pendiente', '2024-04-12 03:38:16', 'Deux Medina'),
(1436, 19, 92, '2031-12-11', '42.00', 'Pendiente', '2024-04-12 03:38:16', 'Deux Medina'),
(1437, 19, 93, '2032-01-11', '42.00', 'Pendiente', '2024-04-12 03:38:16', 'Deux Medina'),
(1438, 19, 94, '2032-02-11', '42.00', 'Pendiente', '2024-04-12 03:38:16', 'Deux Medina'),
(1439, 19, 95, '2032-03-11', '42.00', 'Pendiente', '2024-04-12 03:38:16', 'Deux Medina'),
(1440, 19, 96, '2032-04-11', '42.00', 'Pendiente', '2024-04-12 03:38:16', 'Deux Medina'),
(1441, 20, 1, '2024-11-05', '16.00', 'Pendiente', '2024-04-12 04:43:29', 'Hams Zandres'),
(1442, 20, 2, '2024-11-06', '16.00', 'Pendiente', '2024-04-12 04:43:29', 'Hams Zandres'),
(1443, 20, 3, '2024-11-07', '16.00', 'Pendiente', '2024-04-12 04:43:29', 'Hams Zandres'),
(1444, 20, 4, '2024-11-08', '16.00', 'Pendiente', '2024-04-12 04:43:29', 'Hams Zandres'),
(1445, 20, 5, '2024-11-09', '16.00', 'Pendiente', '2024-04-12 04:43:29', 'Hams Zandres'),
(1446, 20, 6, '2024-11-10', '16.00', 'Pendiente', '2024-04-12 04:43:29', 'Hams Zandres'),
(1447, 20, 7, '2024-11-11', '16.00', 'Pendiente', '2024-04-12 04:43:29', 'Hams Zandres'),
(1448, 20, 8, '2024-11-12', '16.00', 'Pendiente', '2024-04-12 04:43:29', 'Hams Zandres'),
(1449, 20, 9, '2025-11-01', '16.00', 'Pendiente', '2024-04-12 04:43:29', 'Hams Zandres'),
(1450, 20, 10, '2025-11-02', '16.00', 'Pendiente', '2024-04-12 04:43:29', 'Hams Zandres'),
(1451, 20, 11, '2025-11-03', '16.00', 'Pendiente', '2024-04-12 04:43:29', 'Hams Zandres'),
(1452, 20, 12, '2025-11-04', '16.00', 'Pendiente', '2024-04-12 04:43:29', 'Hams Zandres'),
(1453, 20, 13, '2025-11-05', '16.00', 'Pendiente', '2024-04-12 04:43:29', 'Hams Zandres'),
(1454, 20, 14, '2025-11-06', '16.00', 'Pendiente', '2024-04-12 04:43:29', 'Hams Zandres'),
(1455, 20, 15, '2025-11-07', '16.00', 'Pendiente', '2024-04-12 04:43:29', 'Hams Zandres'),
(1456, 20, 16, '2025-11-08', '16.00', 'Pendiente', '2024-04-12 04:43:29', 'Hams Zandres'),
(1457, 20, 17, '2025-11-09', '16.00', 'Pendiente', '2024-04-12 04:43:29', 'Hams Zandres'),
(1458, 20, 18, '2025-11-10', '16.00', 'Pendiente', '2024-04-12 04:43:29', 'Hams Zandres'),
(1459, 20, 19, '2025-11-11', '16.00', 'Pendiente', '2024-04-12 04:43:29', 'Hams Zandres'),
(1460, 20, 20, '2025-11-12', '16.00', 'Pendiente', '2024-04-12 04:43:29', 'Hams Zandres'),
(1461, 20, 21, '2026-11-01', '16.00', 'Pendiente', '2024-04-12 04:43:29', 'Hams Zandres'),
(1462, 20, 22, '2026-11-02', '16.00', 'Pendiente', '2024-04-12 04:43:29', 'Hams Zandres'),
(1463, 20, 23, '2026-11-03', '16.00', 'Pendiente', '2024-04-12 04:43:29', 'Hams Zandres'),
(1464, 20, 24, '2026-11-04', '16.00', 'Pendiente', '2024-04-12 04:43:29', 'Hams Zandres');

-- --------------------------------------------------------

--
-- Estructura de tabla para la tabla `solicitud_prestamo`
--

CREATE TABLE `solicitud_prestamo` (
  `id` int(11) NOT NULL,
  `solicitante` varchar(500) NOT NULL,
  `monto` decimal(10,2) NOT NULL,
  `plazo_meses` int(11) NOT NULL,
  `tasa_interes` decimal(5,2) NOT NULL,
  `estado` varchar(20) NOT NULL DEFAULT 'Pendiente',
  `fecha_solicitud` timestamp NOT NULL DEFAULT current_timestamp(),
  `usuario_actualizacion` varchar(50) DEFAULT NULL
) ENGINE=InnoDB DEFAULT CHARSET=utf8mb4;

--
-- Volcado de datos para la tabla `solicitud_prestamo`
--

INSERT INTO `solicitud_prestamo` (`id`, `solicitante`, `monto`, `plazo_meses`, `tasa_interes`, `estado`, `fecha_solicitud`, `usuario_actualizacion`) VALUES
(17, 'Brayan Medina', '2000000.00', 24, '8.00', 'Pendiente', '2024-04-12 03:37:15', NULL),
(18, 'Brayan Medina', '2000000.00', 24, '8.00', 'Pendiente', '2024-04-12 03:37:34', NULL),
(19, 'Deux Medina', '3000000.00', 96, '8.00', 'Aprobado', '2024-04-12 03:38:16', 'ADMIN'),
(20, 'Hams Zandres', '350000.00', 24, '15.00', 'Pendiente', '2024-04-12 04:43:29', NULL);

-- --------------------------------------------------------

--
-- Estructura de tabla para la tabla `tasa_prestamo`
--

CREATE TABLE `tasa_prestamo` (
  `id` int(11) NOT NULL,
  `tipo_prestamo` varchar(50) NOT NULL,
  `tasa` decimal(10,2) NOT NULL,
  `fecha_inicio` date NOT NULL,
  `fecha_fin` date DEFAULT NULL,
  `fecha_creacion` timestamp NOT NULL DEFAULT current_timestamp(),
  `usuario_creacion` varchar(50) DEFAULT 'admin',
  `fecha_actualizacion` timestamp NOT NULL DEFAULT current_timestamp() ON UPDATE current_timestamp(),
  `usuario_actualizacion` varchar(50) DEFAULT 'admin'
) ENGINE=InnoDB DEFAULT CHARSET=utf8mb4;

--
-- Volcado de datos para la tabla `tasa_prestamo`
--

INSERT INTO `tasa_prestamo` (`id`, `tipo_prestamo`, `tasa`, `fecha_inicio`, `fecha_fin`, `fecha_creacion`, `usuario_creacion`, `fecha_actualizacion`, `usuario_actualizacion`) VALUES
(2, 'PERSONAL', '21.00', '2024-04-13', '2024-04-14', '2024-04-11 19:41:48', 'ADMIN', '2024-04-12 02:33:05', 'ADMIN'),
(3, 'HIPOTECARIO', '8.00', '2024-04-13', '2025-12-31', '2024-04-12 02:56:44', 'ADMIN', '2024-04-12 03:35:07', 'ADMIN'),
(4, 'AGRICOLA', '15.00', '2024-04-13', '2025-12-31', '2024-04-12 04:41:32', 'ADMIN', '2024-04-12 04:41:32', 'admin');

-- --------------------------------------------------------

--
-- Estructura de tabla para la tabla `usuario`
--

CREATE TABLE `usuario` (
  `id` int(11) NOT NULL,
  `login_usuario` varchar(40) NOT NULL,
  `nombre_usuario` varchar(200) DEFAULT NULL,
  `correo_usuario` varchar(100) DEFAULT NULL,
  `estado_usuario` char(1) DEFAULT NULL,
  `password_usuario` varchar(50) DEFAULT NULL,
  `usuario_creacion` varchar(50) DEFAULT 'admin',
  `fecha_creacion` timestamp NOT NULL DEFAULT current_timestamp(),
  `usuario_actualizacion` varchar(50) DEFAULT NULL,
  `fecha_actualizacion` timestamp NOT NULL DEFAULT current_timestamp() ON UPDATE current_timestamp()
) ENGINE=InnoDB DEFAULT CHARSET=utf8mb4;

--
-- Volcado de datos para la tabla `usuario`
--

INSERT INTO `usuario` (`id`, `login_usuario`, `nombre_usuario`, `correo_usuario`, `estado_usuario`, `password_usuario`, `usuario_creacion`, `fecha_creacion`, `usuario_actualizacion`, `fecha_actualizacion`) VALUES
(1, 'admin', 'admin', 'admin@admin.com', 'A', '21232f297a57a5a743894a0e4a801fc3', 'admin', '2024-04-11 16:46:42', NULL, '2024-04-11 16:46:42'),
(2, 'bmedina', 'Brayan Allan Medina Avila', 'brayanmedina777@gmail.com', 'A', '202cb962ac59075b964b07152d234b70', 'admin', '2024-04-12 03:59:24', 'ADMIN', '2024-04-12 04:41:58'),
(3, 'hams', 'Hams Zandres', 'havila@gmail.com', 'A', '202cb962ac59075b964b07152d234b70', 'admin', '2024-04-12 04:42:23', 'ADMIN', '2024-04-12 04:42:43');

--
-- Índices para tablas volcadas
--

--
-- Indices de la tabla `detalle_pago`
--
ALTER TABLE `detalle_pago`
  ADD PRIMARY KEY (`id`),
  ADD KEY `id_credito` (`id_credito`);

--
-- Indices de la tabla `solicitud_prestamo`
--
ALTER TABLE `solicitud_prestamo`
  ADD PRIMARY KEY (`id`);

--
-- Indices de la tabla `tasa_prestamo`
--
ALTER TABLE `tasa_prestamo`
  ADD PRIMARY KEY (`id`),
  ADD UNIQUE KEY `tipo_prestamo` (`tipo_prestamo`);

--
-- Indices de la tabla `usuario`
--
ALTER TABLE `usuario`
  ADD PRIMARY KEY (`id`),
  ADD UNIQUE KEY `login_usuario` (`login_usuario`,`correo_usuario`);

--
-- AUTO_INCREMENT de las tablas volcadas
--

--
-- AUTO_INCREMENT de la tabla `detalle_pago`
--
ALTER TABLE `detalle_pago`
  MODIFY `id` int(11) NOT NULL AUTO_INCREMENT, AUTO_INCREMENT=1465;

--
-- AUTO_INCREMENT de la tabla `solicitud_prestamo`
--
ALTER TABLE `solicitud_prestamo`
  MODIFY `id` int(11) NOT NULL AUTO_INCREMENT, AUTO_INCREMENT=21;

--
-- AUTO_INCREMENT de la tabla `tasa_prestamo`
--
ALTER TABLE `tasa_prestamo`
  MODIFY `id` int(11) NOT NULL AUTO_INCREMENT, AUTO_INCREMENT=5;

--
-- AUTO_INCREMENT de la tabla `usuario`
--
ALTER TABLE `usuario`
  MODIFY `id` int(11) NOT NULL AUTO_INCREMENT, AUTO_INCREMENT=4;

--
-- Restricciones para tablas volcadas
--

--
-- Filtros para la tabla `detalle_pago`
--
ALTER TABLE `detalle_pago`
  ADD CONSTRAINT `detalle_pago_ibfk_1` FOREIGN KEY (`id_credito`) REFERENCES `solicitud_prestamo` (`id`);
COMMIT;

/*!40101 SET CHARACTER_SET_CLIENT=@OLD_CHARACTER_SET_CLIENT */;
/*!40101 SET CHARACTER_SET_RESULTS=@OLD_CHARACTER_SET_RESULTS */;
/*!40101 SET COLLATION_CONNECTION=@OLD_COLLATION_CONNECTION */;
